EXCH_ID,SEGMENT,SECURITY_ID,ISIN,INSTRUMENT,UNDERLYING_SECURITY_ID,UNDERLYING_SYMBOL,SYMBOL_NAME,DISPLAY_NAME,INSTRUMENT_TYPE,SERIES,LOT_SIZE,SM_EXPIRY_DATE,STRIKE_PRICE,OPTION_TYPE,TICK_SIZE,EXPIRY_FLAG,BRACKET_FLAG,COVER_FLAG,ASM_GSM_FLAG,ASM_GSM_CATEGORY,BUY_SELL_INDICATOR,MTF_LEVERAGE
NSE,I,99001,NA,INDEX,99001,NIFTY50,NIFTY50,Nifty50 Value 20,INDEX,X,1.0,0001-01-01,-0.01000,XX,5.0000,NA,N,N,N,NA,A,0.00
NSE,I,13,NA,INDEX,13,NIFTY,NIFTY,Nifty 50,INDEX,X,1.0,0001-01-01,-0.01000,XX,5.0000,NA,N,N,N,NA,A,0.00
NSE,I,25,NA,INDEX,25,BANKNIFTY,BANKNIFTY,Nifty Bank,INDEX,X,1.0,0001-01-01,-0.01000,XX,5.0000,NA,N,N,N,NA,A,0.00
NSE,I,27,NA,INDEX,27,FINNIFTY,FINNIFTY,Nifty Fin Service,INDEX,X,1.0,0001-01-01,-0.01000,XX,5.0000,NA,N,N,N,NA,A,0.00
NSE,I,442,NA,INDEX,442,MIDCPNIFTY,MIDCPNIFTY,Nifty Midcap Select,INDEX,X,1.0,0001-01-01,-0.01000,XX,5.0000,NA,N,N,N,NA,A,0.00
NSE,I,38,NA,INDEX,38,NIFTYNXT50,NIFTYNXT50,Nifty Next 50,INDEX,X,1.0,0001-01-01,-0.01000,XX,5.0000,NA,N,N,N,NA,A,0.00
NSE,I,29,NA,INDEX,29,NIFTYIT,NIFTYIT,Nifty IT,INDEX,X,1.0,0001-01-01,-0.01000,XX,5.0000,NA,N,N,N,NA,A,0.00
NSE,I,21,NA,INDEX,21,INDIA VIX,INDIA VIX,India VIX,INDEX,X,1.0,0001-01-01,-0.01000,XX,25.0000,NA,N,N,N,NA,A,0.00
NSE,I,14,NA,INDEX,14,NIFTYAUTO,NIFTYAUTO,Nifty Auto,INDEX,X,1.0,0001-01-01,-0.01000,XX,5.0000,NA,N,N,N,NA,A,0.00
BSE,I,51,NA,INDEX,51,SENSEX,SENSEX,Sensex,INDEX,X,1.0,0001-01-01,-0.01000,XX,0.0000,NA,N,N,N,NA,A,0.00
BSE,I,69,NA,INDEX,69,BANKEX,BANKEX,Bankex,INDEX,X,1.0,0001-01-01,-0.01000,XX,0.0000,NA,N,N,N,NA,A,0.00
BSE,I,83,NA,INDEX,83,SENSEX50,SENSEX50,Sensex 50,INDEX,X,1.0,0001-01-01,-0.01000,XX,0.0000,NA,N,N,N,NA,A,0.00
NSE,E,2885,INE002A01018,EQUITY,2885,RELIANCE,RELIANCE INDUSTRIES LTD,Reliance Industries,ES,EQ,1.0,0001-01-01,-0.01000,XX,10.0000,NA,Y,Y,N,NA,A,5.00
NSE,E,2031,INE101A01026,EQUITY,2031,M&M,MAHINDRA & MAHINDRA LTD,Mahindra & Mahindra,ES,EQ,1.0,0001-01-01,-0.01000,XX,10.0000,NA,Y,Y,N,NA,A,5.00
NSE,E,16669,INE917I01010,EQUITY,16669,BAJAJ-AUTO,BAJAJ AUTO LIMITED,Bajaj Auto,ES,EQ,1.0,0001-01-01,-0.01000,XX,50.0000,NA,Y,Y,N,NA,A,5.00
