EXCH_ID,SEGMENT,SECURITY_ID,ISIN,INSTRUMENT,UNDERLYING_SECURITY_ID,UNDERLYING_SYMBOL,SYMBOL_NAME,DISPLAY_NAME,INSTRUMENT_TYPE,SERIES,LOT_SIZE,SM_EXPIRY_DATE,STRIKE_PRICE,OPTION_TYPE,TICK_SIZE,EXPIRY_FLAG,BRACKET_FLAG,COVER_FLAG,ASM_GSM_FLAG,ASM_GSM_CATEGORY,BUY_SELL_INDICATOR,MTF_LEVERAGE
NSE,I,13,NA,INDEX,13,NIFTY,NIFTY,Nifty 50,INDEX,X,1.0,0001-01-01,-0.01000,XX,5.0000,NA,N,N,N,NA,A,0.00
BSE,I,51,NA,INDEX,51,SENSEX,SENSEX,Sensex,INDEX,X,1.0,0001-01-01,-0.01000,XX,0.0000,NA,N,N,N,NA,A,0.00
NSE,E,1333,INE040A01034,EQUITY,1333,HDFCBANK,HDFC BANK LTD,HDFC Bank,ES,EQ,1.0,0001-01-01,-0.01000,XX,5.0000,NA,Y,Y,N,NA,A,5.00
NSE,E,1334,INE040A01034,EQUITY,1334,HDFCBANK,HDFC BANK LTD,HDFC Bank,ES,BE,1.0,0001-01-01,-0.01000,XX,5.0000,NA,Y,Y,N,NA,A,5.00
NSE,E,16669,INE917I01010,EQUITY,16669,BAJAJ-AUTO,BAJAJ AUTO LIMITED,"Bajaj Auto, ""Ltd""",ES,EQ,1.0,0001-01-01,-0.01000,XX,50.0000,NA,Y,Y,N,NA,A,5.00
NSE,D,52175,NA,OPTIDX,13,NIFTY,NIFTY-Oct2025-24000-CE,NIFTY 30 OCT 24000 CALL,OP,NA,75.0,2025-10-30 14:30:00,24000.00000,CE,5.0000,M,N,N,N,NA,A,0.00
NSE,D,52176,NA,OPTIDX,13,NIFTY,NIFTY-Oct2025-24000-PE,NIFTY 30 OCT 24000 PUT,OP,NA,75.0,2025-10-30 14:30:00,24000.00000,PE,5.0000,M,N,N,N,NA,A,0.00
NSE,D,35001,NA,FUTIDX,13,NIFTY,NIFTY-Oct2025-FUT,NIFTY OCT FUT,FUT,NA,75.0,2025-10-28 14:30:00,-0.01000,XX,10.0000,M,N,N,N,NA,A,0.00
MCX,M,440000,NA,FUTCOM,,GOLD,GOLD-Dec2025-FUT,GOLD DEC FUT,FUT,NA,1.0,2025-12-05 23:30:00,-0.01000,XX,100.0000,M,N,N,N,NA,A,0.00
NSE,C,8000,NA,OPTCUR,,USDINR,USDINR-Oct2025-83.25-CE,USDINR 29 OCT 83.25 CALL,OP,NA,1000.0,2025-10-29 12:30:00,83.25000,CE,0.2500,M,N,N,N,NA,A,0.00
BSE,C,9000,NA,FUTCUR,,USDINR,USDINR-Oct2025-FUT,USDINR OCT FUT,FUT,NA,1000.0,2025-10-29 12:30:00,-0.01000,XX,0.2500,M,N,N,N,NA,A,0.00
NSE,E,99,NA,EQUITY,99,BAD|SYM,BAD SYMBOL,Bad,ES,EQ,1.0,0001-01-01,-0.01000,XX,5.0000,NA,N,N,N,NA,A,0.00
NSE,D,52177,NA,OPTIDX,13,NIFTY,NIFTY-NA-24000-CE,NIFTY ? 24000 CALL,OP,NA,75.0,NA,24000.00000,CE,5.0000,M,N,N,N,NA,A,0.00
NSE,D,52178,NA,OPTSTK,1333,HDFCBANK,HDFCBANK-Oct2025-0-CE,HDFCBANK 0 CALL,OP,NA,550.0,2025-10-28 14:30:00,0.00000,CE,5.0000,M,N,N,N,NA,A,0.00
NSE,X,1,NA,WARRANT,1,ODD,ODD,Odd,ES,EQ,1.0,0001-01-01,-0.01000,XX,5.0000,NA,N,N,N,NA,A,0.00
